dataset,f1,f1v,f2,f3,f4,l1,l2,l3,n1,n2,n3,n4,t1,lsc,density,cls_coef,hubs,t2,t3,t4,c1,c2
Iris_01,0.030459852676735913,0.00940376828911737,0.0,0.0,0.0,0.0,0.0,0.0,0.005,0.0919463901038168,0.0,0.0,0.03,0.5089,0.7549494949494949,0.22090975135933977,0.6313362107350609,0.04,0.02,0.5,0.0,0.0
Iris_02,0.019233646604462716,0.004995781056795274,0.0,0.0,0.0,0.0,0.0,0.0,0.005,0.07271315159321329,0.0,0.0,0.03,0.5013000000000001,0.7105050505050505,0.2017422455943526,0.5892882934357067,0.04,0.02,0.5,0.0,0.0
Iris_12,0.1863816899350432,0.06447841061392845,0.019145299145299128,0.37,0.13,0.0009836787371854052,0.04,0.0,0.035,0.22636994898433024,0.06999999999999995,0.01,0.19,0.8112,0.8371717171717172,0.2983074518680763,0.709623489426321,0.04,0.03,0.75,0.0,0.0
Wine_01,0.16650328317916893,0.038162138917419305,2.8515818761775186e-05,0.2076923076923077,0.0,0.0,0.0,0.0,0.023076923076923078,0.34574921799465774,0.038461538461538436,0.015384615384615385,0.36153846153846153,0.7798224852071006,0.9210494931425164,0.5871865113230111,0.7841381776975682,0.1,0.07692307692307693,0.7692307692307693,0.006155151565245931,0.016897441915043276
Wine_02,0.0490038230495961,0.00837361993451383,0.0,0.0,0.0,0.0,0.0,0.0,0.004672897196261682,0.2512478819516083,0.0,0.0,0.1308411214953271,0.5336710629749324,0.8783283371539411,0.48400040441546066,0.7253220651738415,0.12149532710280374,0.08411214953271028,0.6923076923076923,0.007637125252723309,0.020916162489196144
Wine_12,0.2261494310119454,0.03398780873584917,3.2547004600688264e-05,0.25210084033613445,0.0,0.0,0.0,0.0,0.02100840336134454,0.32866726155940446,0.04201680672268904,0.008403361344537815,0.33613445378151263,0.7368123720076265,0.929639652471158,0.572713714620522,0.8459683323638474,0.1092436974789916,0.08403361344537816,0.7692307692307693,0.027117072989938262,0.07202178352620847
Digits_01,0.09726610135338461,0.006077541162169478,0.0,0.05333333333333334,0.0,0.0,0.0,0.0,0.0016666666666666668,0.11979931026275743,0.0,0.0,0.10666666666666667,0.6203888888888889,0.9862653288740245,0.5375122860433438,0.9016157411319013,0.21333333333333335,0.06666666666666667,0.3125,0.0001282433591510701,0.0003554923569142332
Digits_17,0.09003152152346623,0.007694392220915375,0.0,0.44,0.0,0.0,0.0,0.0,0.005,0.13822244000600492,0.0,0.0,0.18666666666666668,0.732688888888889,0.9856633221850614,0.4759521042395184,0.9246250773790208,0.21333333333333335,0.07666666666666666,0.359375,3.206012728240726e-05,8.888493844727563e-05
Digits_35,0.08788244740928124,0.007876422948064106,0.0,0.61,0.0,0.0,0.0,0.0,0.0016666666666666668,0.17781603794433695,0.0,0.0,0.37333333333333335,0.7721777777777777,0.9956298773690078,0.6599999999999999,0.9733333333333334,0.21333333333333335,0.08666666666666667,0.40625,0.0,0.0
Digits_49,0.12899719016480427,0.008574747590324788,0.0,0.62,0.0,0.0,0.0,0.0,0.0033333333333333335,0.1462355408961361,0.0033333333333332993,0.0033333333333333335,0.11333333333333333,0.6567111111111111,0.9948272017837235,0.561047619047619,0.98,0.21333333333333335,0.08333333333333333,0.390625,0.0,0.0
Digits_69,0.030561097123265674,0.003448028561065971,0.0,0.03333333333333333,0.0,0.0,0.0,0.0,0.0016666666666666668,0.14272807607254065,0.0,0.0,0.16666666666666666,0.5991666666666666,0.9939130434782608,0.5547248677248677,0.967008601590466,0.21333333333333335,0.08333333333333333,0.390625,0.0,0.0
Breast Cancer,0.24159493475176255,0.06543672011165604,9.290346856588902e-12,0.45,0.0,0.0017135740340130544,0.02,0.006666666666666667,0.03,0.21537103743837074,0.043333333333333335,0.01,0.25666666666666665,0.8783666666666666,0.8943589743589744,0.383616882379326,0.7402820415640046,0.1,0.03,0.3,0.04680282745694431,0.12061476779151348
Ionosphere,0.5433213777088683,0.08276549969522069,0.0,0.8,0.0,0.004548954623907968,0.06,0.023333333333333334,0.07,0.18849868729929714,0.07666666666666666,0.12666666666666668,0.31,0.8961111111111111,0.8944258639910814,0.3451914985759268,0.7219973962431087,0.11333333333333333,0.07,0.6176470588235294,0.057316810744507785,0.14540059347181
Statlog Heart,0.5678326520224957,0.17076653642942433,0.1959058832005507,0.9851851851851852,0.937037037037037,0.02546783605501527,0.14444444444444443,0.08888888888888889,0.12037037037037036,0.36398125474089793,0.24444444444444446,0.11481481481481481,0.5444444444444444,0.9653497942386832,0.9742255266418836,0.6005037227702433,0.8768975633568847,0.04814814814814815,0.03333333333333333,0.6923076923076923,0.008923940161777777,0.024390243902438935
Mushroom,0.5804807380961109,0.07443041888289698,0.0,0.78,0.41,0.005209821303485318,0.06666666666666667,0.04,0.03166666666666667,0.20974881487841293,0.026666666666666616,0.01,0.18,0.8846777777777778,0.9280490523968785,0.3683576265775065,0.8431775457983579,0.07333333333333333,0.04666666666666667,0.6363636363636364,0.0008016457363603235,0.00221975582685896
Monks,0.7011815609918449,0.5144790096709938,0.6666666666666667,0.7966666666666666,0.7966666666666666,0.0665838729532165,0.33666666666666667,0.28,0.15333333333333332,0.25603602885660964,0.12,0.23,0.5366666666666666,0.9859888888888889,0.9796432552954292,0.35874893407246344,0.9584780847131709,0.02,0.02,1.0,0.0,0.0
Credit Approval,0.2658569147338142,0.10184747349597016,0.017021305088725524,0.9466666666666667,0.8633333333333333,0.015835402111424833,0.1,0.07333333333333333,0.09,0.24373633388132784,0.13666666666666671,0.07,0.38,0.9557666666666667,0.9701449275362319,0.4129544112548017,0.8897867940411209,0.05,0.03333333333333333,0.6666666666666666,0.009285245386868923,0.02536311378296552
Australian,0.42633456395067465,0.1900410907010415,0.005351178052986811,0.97,0.91,0.027104566340015273,0.15333333333333332,0.13333333333333333,0.12666666666666668,0.2485215115893982,0.1466666666666666,0.10666666666666667,0.37333333333333335,0.9697111111111111,0.9666666666666667,0.3360355625951076,0.8908699276584657,0.04666666666666667,0.03,0.6428571428571429,0.009285245386868923,0.02536311378296552
Wdbc,0.18830113264809734,0.04213476482370709,1.6089000574065772e-11,0.23666666666666666,0.0,0.0007043522239601765,0.006666666666666667,0.0,0.023333333333333334,0.21271855019570413,0.023333333333333317,0.016666666666666666,0.21333333333333335,0.8532888888888889,0.903835005574136,0.3852360800096085,0.7631732281844776,0.1,0.03,0.3,0.04680282745694431,0.12061476779151348
Spect Heart,0.7545821632755938,0.294726095369405,0.0,0.8576779026217228,0.7902621722846442,0.021732047701746648,0.12359550561797752,0.07865168539325842,0.12921348314606743,0.4091692136833606,0.27340823970037453,0.10861423220973783,0.5917602996254682,0.9741755390032123,0.9578158880346934,0.5836903829123545,0.8676975697223526,0.08239700374531835,0.06741573033707865,0.8181818181818182,0.2662475912010398,0.5138526965331776
Breast-w,0.14841222972889906,0.034063447088946326,0.031471665402807304,0.8566666666666667,0.03666666666666667,0.002943936791614185,0.023333333333333334,0.006666666666666667,0.03166666666666667,0.16709152878112893,0.043333333333333335,0.02,0.15333333333333332,0.6409666666666667,0.6184169453734671,0.2379060684278771,0.3955291298965955,0.03,0.02,0.6666666666666666,0.07202718528004448,0.17880124650936913
Chronic Kidney,0.3097227728539663,0.055441436037300326,0.0,0.45,0.0,0.0,0.0,0.0,0.005,0.17370262104034087,0.0,0.0033333333333333335,0.14,0.7523,0.8680490523968785,0.33941848672108577,0.6525188165559861,0.08,0.05333333333333334,0.6666666666666666,0.04434626534380004,0.1147094557794629
Glass,0.7456213884049783,0.35845137663168464,0.0009163543173217826,0.8972602739726028,0.6027397260273972,0.01636841900586957,0.2465753424657534,0.1643835616438356,0.1232876712328767,0.3500375173699994,0.23287671232876717,0.21232876712328766,0.5205479452054794,0.9536498404954025,0.7919697685403874,0.21877445524101924,0.6949429147522429,0.06164383561643835,0.03424657534246575,0.5555555555555556,0.0012186069272440703,0.0033720494567254233
Diabetes Early,0.33210920637613994,0.09676293184572816,0.6081081081081081,0.9866666666666667,0.9866666666666667,0.005104742361734078,0.06333333333333334,0.016666666666666666,0.051666666666666666,0.13037917733905338,0.026666666666666616,0.02,0.23,0.9014222222222222,0.9544704570791527,0.34568339675099446,0.841207904160919,0.05333333333333334,0.043333333333333335,0.8125,0.03963772968452206,0.10326659641728131
Cirrhosis,0.6862600694418935,0.24252092465414563,0.07029459308869769,0.94,0.7233333333333334,0.0157483120573956,0.19666666666666666,0.16666666666666666,0.17666666666666667,0.2848046562638711,0.16666666666666663,0.21,0.5366666666666666,0.9763222222222222,0.9629877369007804,0.4620540603222274,0.8731514483064149,0.056666666666666664,0.04,0.7058823529411765,0.023499531242175964,0.06276636962417659
Kidney Risk,0.0,0.054866025522068755,0.0,0.0,0.0,0.0,0.0,0.0,0.005,0.3436553570805606,0.0,0.0,0.335,0.784775,0.9359296482412061,0.6801652285601528,0.7484373975927429,0.14,0.095,0.6785714285714286,0.057316810744507785,0.14540059347181
Sonar,0.6844043073334158,0.13179146250368884,1.045339189346414e-06,0.9471153846153846,0.0,0.0035615308524811584,0.08173076923076923,0.057692307692307696,0.0889423076923077,0.4145283654961678,0.125,0.09615384615384616,0.8076923076923077,0.9664154955621301,0.988015607580825,0.6493230241038498,0.9339875853732758,0.28846153846153844,0.1346153846153846,0.4666666666666667,0.003270410979163474,0.009019788311090626
Thyroid Cancer,0.27563508612155374,0.07464705006465873,0.0,0.7666666666666667,0.0,0.006190848451964512,0.056666666666666664,0.02666666666666667,0.06166666666666667,0.14912943504885262,0.046666666666666634,0.043333333333333335,0.24333333333333335,0.8673333333333333,0.796231884057971,0.2730545488092052,0.5958809171491994,0.05333333333333334,0.04,0.75,0.14004695028224778,0.31618334892422817
Magic Gamma,0.6261388846656746,0.30932068422434617,0.0044947916451463085,0.9233333333333333,0.7333333333333333,0.017799002825401634,0.20666666666666667,0.18333333333333332,0.11833333333333333,0.3834048587492698,0.21666666666666667,0.16,0.6266666666666667,0.9749,0.9090746934225196,0.44789128537087464,0.7519917626185525,0.03333333333333333,0.023333333333333334,0.7,0.06593194462450891,0.1651376146788991
Mammographic Mass,0.4527700255037127,0.2085866141269309,0.2702702702702704,0.9,0.89,0.029873963005065677,0.17,0.13333333333333333,0.12833333333333333,0.21138006447220303,0.20333333333333337,0.13333333333333333,0.35,0.9745444444444444,0.8633444816053512,0.29939241504006775,0.7554029967180044,0.016666666666666666,0.013333333333333334,0.8,0.003882731120855354,0.01069802396003705
Diabetic Retinopathy,0.8876714255651326,0.4456332136189576,1.971173060710736e-07,0.9033333333333333,0.7166666666666667,0.00861426908323067,0.29,0.29,0.235,0.35926378821846683,0.30000000000000004,0.2633333333333333,0.6966666666666667,0.9905111111111111,0.9219620958751393,0.3055798448123649,0.8445766187878203,0.06333333333333334,0.02,0.3157894736842105,0.0025984114322604723,0.007174172977281734
Parkinsons,0.5162519892030635,0.1616230523731263,1.1313363339068221e-09,0.6410256410256411,0.015384615384615385,0.014610217816429608,0.13333333333333333,0.09743589743589744,0.041025641025641026,0.3019100104090902,0.03589743589743588,0.1076923076923077,0.3384615384615385,0.9004076265614727,0.8182394924662966,0.29719044340632517,0.6215471716394423,0.11282051282051282,0.041025641025641026,0.36363636363636365,0.1948749925353177,0.40986074520135485
Phishing Websites,0.3291726390799572,0.08178552696208635,0.0,0.8466666666666667,0.8466666666666667,0.0045595642645924,0.06333333333333334,0.03,0.07833333333333334,0.39774780197196774,0.13,0.04,0.6933333333333334,0.9805222222222222,0.9528874024526198,0.5725526851132141,0.8630417366143375,0.1,0.07333333333333333,0.7333333333333333,0.009285245386868923,0.02536311378296552
EEG Eye State,0.937612306389797,0.5573984479909937,0.014121445825467146,0.97,0.7233333333333334,0.01426819901863876,0.31333333333333335,0.30666666666666664,0.15333333333333332,0.4032242772349162,0.25,0.24333333333333335,0.8166666666666667,0.9879444444444444,0.6968115942028985,0.14131950739790666,0.583136697341323,0.04666666666666667,0.02,0.42857142857142855,0.00722554601219183,0.01980198019801993
Vertebral Column,0.45102987942483985,0.1673773320816971,0.003402927645145336,0.36,0.2,0.0038942502839034512,0.08,0.068,0.058,0.33300830607880655,0.11199999999999999,0.072,0.412,0.952624,0.8097991967871486,0.2863089584487992,0.72110692391571,0.024,0.016,0.6666666666666666,0.029049405545331308,0.07692307692307687
Rice,0.2162114232496622,0.11521805815339925,0.005182460807517962,0.4666666666666667,0.31333333333333335,0.011222460383952228,0.09333333333333334,0.06666666666666667,0.07166666666666667,0.2343332235564425,0.13666666666666671,0.07333333333333333,0.28,0.9308333333333333,0.8887402452619844,0.36622871754888986,0.7575247003008289,0.023333333333333334,0.01,0.42857142857142855,0.015573102199988642,0.042116254785938056
Credit Card,0.6968988711660346,0.309448755487362,1.0137120449904643e-07,0.9233333333333333,0.59,0.020550208543581992,0.15,0.14,0.10833333333333334,0.394585352661499,0.19333333333333336,0.13333333333333333,0.58,0.9756,0.9013823857302118,0.43631931267276547,0.7467169695998703,0.07666666666666666,0.04,0.5217391304347826,0.23983249703803444,0.4774665042630938
Iranian Churn,0.4698250744639703,0.10217290817191549,0.0,0.6333333333333333,0.20666666666666667,0.0116341938113037,0.08666666666666667,0.07,0.041666666666666664,0.17250507127546788,0.06000000000000005,0.03666666666666667,0.19666666666666666,0.8913888888888889,0.9375250836120401,0.2715885121870122,0.841274457140649,0.043333333333333335,0.02666666666666667,0.6153846153846154,0.3737248109258172,0.6408529402881391
CDC Diabetes,0.5493542532342214,0.16937104101217904,0.08830756835171133,0.58,0.47333333333333333,0.016719193173009347,0.11,0.09666666666666666,0.10333333333333333,0.3350946703457187,0.1466666666666666,0.10666666666666667,0.5333333333333333,0.9756333333333334,0.9783723522853958,0.5905307204984598,0.9147991827067805,0.07666666666666666,0.04666666666666667,0.6086956521739131,0.1994603075483824,0.4171092898097014
Heart Disease,0.7523530839623813,0.27618115289788453,0.17294140960929621,0.9406392694063926,0.7990867579908676,0.04111425072945277,0.1552511415525114,0.1141552511415525,0.1324200913242009,0.37098345840077873,0.2648401826484018,0.1232876712328767,0.589041095890411,0.9536706907695837,0.9700054459385866,0.6328581509078003,0.8854303702239228,0.0593607305936073,0.045662100456621,0.7692307692307693,0.18691756597518272,0.39707897463320074
Student Dropout,0.4418239122453461,0.1138522917132685,0.0,0.97,0.7166666666666667,0.006653673147072526,0.08333333333333333,0.05333333333333334,0.11666666666666667,0.3915727509445128,0.20999999999999996,0.16,0.7,0.9767444444444444,0.9809364548494983,0.7291705617120967,0.9012391440639169,0.12,0.06666666666666667,0.5555555555555556,0.0352004514949128,0.09233117130866075
Adult Income,0.8105603555573112,0.3229109324467116,0.008571202363825817,0.8633333333333333,0.6133333333333333,0.023954754423398554,0.17666666666666667,0.16333333333333333,0.12166666666666667,0.38040206553935124,0.22666666666666668,0.11,0.51,0.9714666666666667,0.9708807134894092,0.6081872923272609,0.8861058475661162,0.04666666666666667,0.04,0.8571428571428571,0.20495972061547774,0.4256926952141058
Heart Attack,0.5653239120002008,0.23369595137158822,0.13909668448872237,0.8461538461538461,0.7491638795986622,0.01682524765789789,0.14381270903010032,0.11705685618729098,0.1588628762541806,0.3919000934988075,0.3311036789297659,0.20066889632107024,0.6755852842809364,0.9880985671301216,0.9746582568292519,0.38095022672756784,0.9191153848079924,0.04013377926421405,0.026755852842809364,0.6666666666666666,0.09445849723273692,0.22705007436787306
Smoker Status,0.6661376533119042,0.24505156845121853,7.652375082440346e-05,0.86,0.4666666666666667,0.01752705896133923,0.15,0.11,0.16,0.4455990122288445,0.32333333333333336,0.11666666666666667,0.89,0.9819444444444444,0.9992642140468228,0.962,0.9786569355833787,0.14,0.09,0.6428571428571429,0.09561854227550615,0.22946175637393773
Spambase,0.6329267998325874,0.12042721335005957,0.0,0.7733333333333333,0.0,0.004053107876534616,0.08,0.05,0.11333333333333333,0.39317798137129567,0.18333333333333335,0.09,0.61,0.9744444444444444,0.890680044593088,0.3861259053756857,0.7425499833294655,0.19,0.13666666666666666,0.7192982456140351,0.033082990640319165,0.0870600238054754
TicTacToe,0.9346558228329718,0.7279548617861086,1.0,1.0,1.0,0.11170873954516948,0.31,0.33666666666666667,0.115,0.35701381831089674,0.1466666666666666,0.16333333333333333,0.7866666666666666,0.9856444444444444,0.989721293199554,0.6266772486772487,0.9611911799303293,0.03,0.02666666666666667,0.8888888888888888,0.06894417661496721,0.17192070198245046
BankNote Auth,0.32864342913395167,0.03672227206608237,0.11880579161766025,0.5366666666666666,0.11333333333333333,0.0005541216828330974,0.02666666666666667,0.016666666666666666,0.005,0.12519064214793096,0.00666666666666671,0.0,0.12,0.9048777777777778,0.9082720178372352,0.2904659532514704,0.8124848806413747,0.013333333333333334,0.01,0.75,0.009285245386868923,0.02536311378296552
Pima Diabetes,0.7043028553593282,0.3231245533151917,0.09634336594395616,0.9333333333333333,0.82,0.02055954496829894,0.22666666666666666,0.19333333333333333,0.15333333333333332,0.314747166217114,0.18666666666666665,0.14,0.5233333333333333,0.9750333333333333,0.9643255295429208,0.5217878712031001,0.8512786864899274,0.02666666666666667,0.023333333333333334,0.875,0.06894417661496721,0.17192070198245046
Syn_Blobs_8f_easy,0.002119457153623334,0.0003357060819914101,0.0,0.0,0.0,0.0,0.0,0.0,0.0025,0.058294794556250126,0.0,0.0,0.01,0.5,0.5066834170854271,0.007433060573159733,0.5026355505590361,0.04,0.005,0.125,0.0,0.0
Syn_Blobs_2f_med,0.06853121354324065,0.01960133230799206,0.004559299799545083,0.02,0.0,0.0,0.0,0.0,0.0025,0.039969655770244,0.0,0.0,0.01,0.511325,0.6598492462311558,0.16215055051289706,0.6096519153741522,0.01,0.01,1.0,0.0,0.0
Syn_Blobs_2f_hard,0.2131480074888369,0.07085412446340653,0.18665122377034551,0.535,0.205,0.001391864849921314,0.03,0.005,0.03,0.10190492279110343,0.06000000000000005,0.0,0.09,0.7501,0.7730150753768844,0.25954748588995413,0.6989321916470469,0.01,0.01,1.0,0.0,0.0
Syn_Imbal_20_80,0.5229869810873253,0.23000564635931842,0.056811603753743715,0.6766666666666666,0.44666666666666666,0.011341273857193785,0.13,0.15,0.09,0.27305622696425086,0.15333333333333332,0.12,0.31666666666666665,0.9158111111111111,0.892329988851728,0.3985658748647968,0.7339444840677802,0.016666666666666666,0.013333333333333334,0.8,0.2780719051126377,0.5294117647058824
Syn_Moons_lownoise,0.2594884343335505,0.11586667931850224,0.14161927868179866,0.39,0.195,0.013301834119471495,0.125,0.055,0.0025,0.06190275811424902,0.0,0.13,0.065,0.8327,0.8888442211055276,0.24247784259991734,0.8143510114907491,0.01,0.01,1.0,0.0,0.0
Syn_Moons_mednoise,0.32855258177151103,0.14697155731934322,0.22668122379852673,0.64,0.355,0.015109556130444238,0.155,0.065,0.0325,0.13071677909372936,0.06499999999999995,0.085,0.1,0.9062250000000001,0.8891457286432161,0.2785149046011246,0.7438506679344452,0.01,0.01,1.0,0.0,0.0
Syn_Moons_highnoise,0.44072876488605467,0.19939544841107948,0.30546888471903944,0.755,0.6,0.017540855964332046,0.19,0.155,0.095,0.19630207399398594,0.16500000000000004,0.145,0.275,0.94715,0.8913065326633166,0.3244425689366116,0.7615217113474871,0.01,0.01,1.0,0.0,0.0
Syn_Circles_loose,0.9999621602177637,0.9999068853611062,0.5682919228269497,0.855,0.745,0.10142182134001815,0.495,0.54,0.1275,0.2796179582111717,0.21999999999999997,0.255,0.4,0.977725,0.9355778894472362,0.30293818742018375,0.8757258528866401,0.01,0.01,1.0,0.0,0.0
Syn_Clf_2inf_0red,0.19573004244200082,0.10409005823028084,0.2797001569688872,0.58,0.44666666666666666,0.00400281276465595,0.07,0.016666666666666666,0.043333333333333335,0.28913362788347496,0.07999999999999996,0.04666666666666667,0.31,0.9510888888888889,0.9606020066889632,0.4951464722108485,0.8824307246836456,0.013333333333333334,0.013333333333333334,1.0,0.0,0.0
Syn_Clf_2inf_4red,0.1943359414360154,0.10373163249648244,0.0177155726424476,0.5633333333333334,0.0033333333333333335,0.006680707614909318,0.07666666666666666,0.043333333333333335,0.03333333333333333,0.25836601790175695,0.06000000000000005,0.043333333333333335,0.19,0.9095222222222222,0.9183277591973245,0.35134088481754766,0.834826929579519,0.02666666666666667,0.013333333333333334,0.5,0.0,0.0
Syn_Clf_2inf_8red,0.1930215849966971,0.10376283005070792,0.0009076041696071004,0.43666666666666665,0.006666666666666667,0.008513157172156307,0.07666666666666666,0.04,0.02666666666666667,0.2384598873698539,0.043333333333333335,0.04666666666666667,0.15333333333333332,0.8975444444444445,0.9008472686733556,0.30098902047432474,0.8261481531349767,0.04,0.013333333333333334,0.3333333333333333,0.0,0.0
Syn_HighDim_10f,0.6620596600470516,0.37845276584315246,0.04583321149781228,0.8466666666666667,0.59,0.027425650274600342,0.23,0.17666666666666667,0.10666666666666667,0.22605710636992396,0.08999999999999997,0.10666666666666667,0.43,0.9608333333333333,0.986778149386845,0.459938540217952,0.9502844798610359,0.03333333333333333,0.023333333333333334,0.7,3.206012728240726e-05,8.888493844727563e-05
Syn_HighDim_20f,0.7051091191469171,0.33810021911764326,0.0008183859571105834,0.8366666666666667,0.16333333333333333,0.027842930018934155,0.21666666666666667,0.15333333333333332,0.14333333333333334,0.2714400861152113,0.1233333333333333,0.16666666666666666,0.6,0.9770111111111112,0.9956298773690078,0.6451904761904761,0.977437715212377,0.06666666666666667,0.03666666666666667,0.55,3.206012728240726e-05,8.888493844727563e-05
Syn_HighDim_30f,0.6953096443179992,0.3977808741267683,0.00047721868625387004,0.8766666666666667,0.0,0.03954428557401326,0.31333333333333335,0.25,0.14833333333333334,0.26768080345254974,0.11333333333333329,0.11333333333333333,0.6333333333333333,0.9748666666666667,0.9964102564102564,0.6799999999999999,0.9833333333333334,0.1,0.043333333333333335,0.43333333333333335,3.206012728240726e-05,8.888493844727563e-05
Syn_Medium_n200,0.3228241631760574,0.18794357776404202,0.16349570870780286,0.675,0.585,0.01141595800541068,0.145,0.095,0.0975,0.2970437230632551,0.17000000000000004,0.095,0.385,0.9594,0.9251256281407035,0.411445187784897,0.8410163688586301,0.02,0.015,0.75,0.0,0.0
Syn_Large_n600,0.26434850528578063,0.13810001437709,0.22980107480578105,0.5966666666666667,0.5033333333333333,0.007106593725970465,0.11333333333333333,0.06666666666666667,0.07833333333333334,0.15715142389450795,0.07999999999999996,0.09,0.20333333333333334,0.9181555555555556,0.9342251950947603,0.3568353035120544,0.857702633329968,0.013333333333333334,0.01,0.75,3.206012728240726e-05,8.888493844727563e-05
Syn_Corr_low,0.32153471494940405,0.1548038426561639,0.09751529265362599,0.7633333333333333,0.6,0.006683528406629217,0.10333333333333333,0.04,0.05333333333333334,0.3455762930854152,0.1266666666666667,0.056666666666666664,0.4033333333333333,0.9535,0.9589297658862876,0.5576037672817951,0.8725133312722507,0.02,0.016666666666666666,0.8333333333333334,0.000288558247189985,0.000799680127948954
Syn_Corr_high,0.19099268534589703,0.1052597819923863,0.0018962739422200472,0.5533333333333333,0.26,0.008423415101118733,0.08,0.03,0.03,0.09914868469858233,0.05666666666666664,0.016666666666666666,0.10666666666666667,0.8685555555555555,0.7554515050167224,0.22547520579666358,0.6025026645199436,0.02,0.006666666666666667,0.3333333333333333,3.206012728240726e-05,8.888493844727563e-05
Syn_Multimodal_1c,0.5530827038628087,0.3709451879584294,0.15334677247984324,0.8366666666666667,0.72,0.02084427306280986,0.27666666666666667,0.24666666666666667,0.11,0.37664633759206295,0.22333333333333338,0.14,0.6066666666666667,0.9623111111111111,0.954515050167224,0.5287043377344371,0.8558101767701356,0.02,0.016666666666666666,0.8333333333333334,0.000288558247189985,0.000799680127948954
Syn_Multimodal_2c,0.38812139249297445,0.19999500475662377,0.14714624724170586,0.8733333333333333,0.7133333333333334,0.01350605332163641,0.16333333333333333,0.11,0.11166666666666666,0.3874510682790082,0.21999999999999997,0.1,0.56,0.9750555555555556,0.959108138238573,0.5313358122396974,0.8749333553301472,0.02,0.02,1.0,0.0001282433591510701,0.0003554923569142332
Syn_Multimodal_3c,0.4059315208487684,0.2482047387584492,0.1575713334434704,0.8766666666666667,0.7866666666666666,0.013099231120455062,0.16666666666666666,0.12666666666666668,0.13,0.40147412536649973,0.2666666666666667,0.11666666666666667,0.68,0.9820888888888889,0.9748272017837235,0.6408679602199681,0.8803531803669792,0.02,0.02,1.0,3.206012728240726e-05,8.888493844727563e-05
Syn_Noise_0pct,0.6680967571946781,0.3598618165296038,0.11414793271086572,0.7866666666666666,0.5433333333333333,0.019199220545666192,0.26666666666666666,0.20333333333333334,0.04666666666666667,0.27596506112288893,0.07666666666666666,0.11333333333333333,0.2866666666666667,0.9511777777777778,0.8751839464882943,0.30791025530208693,0.7790445625421158,0.02,0.013333333333333334,0.6666666666666666,0.0,0.0
Syn_Noise_10pct,0.7373340931935691,0.46251077259035006,0.12676359028825865,0.8566666666666667,0.6266666666666667,0.02452954494154984,0.31333333333333335,0.2966666666666667,0.09833333333333333,0.32264096348441973,0.18999999999999995,0.13666666666666666,0.44666666666666666,0.9784111111111111,0.8808472686733556,0.31749374039711464,0.790982855404856,0.02,0.013333333333333334,0.6666666666666666,0.0008016457363603235,0.00221975582685896
Syn_Noise_20pct,0.7956670367423909,0.5452406123929852,0.1551840161124011,0.9266666666666666,0.7433333333333333,0.029281927547924764,0.3433333333333333,0.27666666666666667,0.12,0.34323894791391485,0.22666666666666668,0.22333333333333333,0.54,0.9825,0.8855741360089187,0.32596244267503205,0.798263939536127,0.02,0.013333333333333334,0.6666666666666666,0.0020528067762761726,0.005672753057968549
Syn_Blobs_4f_hard,0.11420099382095344,0.03242714700569478,0.01339471353125463,0.08,0.0,0.00014595635307530286,0.0033333333333333335,0.0033333333333333335,0.005,0.18067476449492123,0.010000000000000009,0.0033333333333333335,0.03,0.6969333333333334,0.8798439241917503,0.40368292130526107,0.7678271180822259,0.013333333333333334,0.013333333333333334,1.0,0.0,0.0
Syn_Blobs_6f_med,0.029939119842562346,0.012599910009767583,0.0,0.0,0.0,0.0,0.0,0.0,0.0016666666666666668,0.2102559934676863,0.0,0.0,0.03666666666666667,0.5809222222222222,0.9330880713489409,0.5249712300053375,0.829447977803766,0.02,0.016666666666666666,0.8333333333333334,0.0,0.0
Syn_Imbal_15_85,0.46942838206844123,0.1032653822822301,0.09204781037900239,0.63,0.07666666666666666,0.0029644108146361743,0.03666666666666667,0.04,0.041666666666666664,0.1286045673509236,0.046666666666666634,0.043333333333333335,0.15333333333333332,0.8471111111111111,0.8933110367892977,0.3485994985092026,0.6915896736146503,0.02,0.013333333333333334,0.6666666666666666,0.3985646135709229,0.666113350723263
Syn_Imbal_30_70,0.4394122837570695,0.22035912182425893,0.07194067386952235,0.7533333333333333,0.55,0.012799560144844107,0.15333333333333332,0.11666666666666667,0.1,0.28302592341833954,0.17666666666666664,0.11333333333333333,0.37333333333333335,0.9309555555555555,0.9068004459308807,0.3947606172053377,0.7707661028543117,0.016666666666666666,0.013333333333333334,0.8,0.1187091007693073,0.27586206896551724
Syn_Moons_large,0.295777359813042,0.13377294446024543,0.19103330386775583,0.58,0.2966666666666667,0.011999212535238342,0.14,0.08333333333333333,0.0033333333333333335,0.06628934289130069,0.0,0.09666666666666666,0.043333333333333335,0.8605777777777778,0.8825863991081382,0.23447342340782684,0.7515502319116014,0.006666666666666667,0.006666666666666667,1.0,0.0,0.0
Syn_Circles_med,0.9994730368263437,0.9989324628450612,0.3485824243963275,0.73,0.5333333333333333,0.09068109509390784,0.5033333333333333,0.4633333333333333,0.011666666666666667,0.13833397923495228,0.026666666666666616,0.19333333333333333,0.09,0.9219666666666667,0.9145819397993311,0.287827096819251,0.6785244226676495,0.006666666666666667,0.006666666666666667,1.0,0.0,0.0
Syn_Circles_noisy,0.9973240272059612,0.994547156019276,0.5816762122702993,0.9233333333333333,0.8633333333333333,0.07998859710036937,0.4866666666666667,0.4866666666666667,0.16833333333333333,0.3042643427602112,0.3433333333333334,0.2833333333333333,0.5,0.9854111111111111,0.9273578595317726,0.3561640546783097,0.7768381767719129,0.006666666666666667,0.006666666666666667,1.0,0.0,0.0
Syn_Clf_2inf_12red,0.22940577204814877,0.12858448579614365,0.00284412176156706,0.7166666666666667,0.0,0.01946402134020293,0.08333333333333333,0.09333333333333334,0.08,0.15390411615168578,0.06333333333333335,0.04,0.16666666666666666,0.8976888888888889,0.9100557413600892,0.2765751098868655,0.8387014912194939,0.05333333333333334,0.01,0.1875,3.206012728240726e-05,8.888493844727563e-05
Syn_Sparse_20f,0.2264683955993923,0.1067200497339175,0.006285457898505157,0.8366666666666667,0.3233333333333333,0.004632893998991124,0.06666666666666667,0.05333333333333334,0.13333333333333333,0.28254035951366113,0.1166666666666667,0.08333333333333333,0.6566666666666666,0.9800444444444445,0.9965217391304347,0.71,0.9804563431039253,0.06666666666666667,0.06,0.9,3.206012728240726e-05,8.888493844727563e-05
Syn_Sparse_30f,0.2920535805838511,0.13466694559496417,0.0007813379384824332,0.85,0.023333333333333334,0.006043125131316057,0.07333333333333333,0.05333333333333334,0.16166666666666665,0.2875651144183075,0.10999999999999999,0.08333333333333333,0.6566666666666666,0.9818333333333333,0.9964994425863991,0.7,0.9812444934103194,0.1,0.09,0.9,3.206012728240726e-05,8.888493844727563e-05
Syn_XLarge_n1000,0.34045659908646186,0.19786151180082312,0.07585623255562231,0.6633333333333333,0.49,0.013910027740861166,0.15333333333333332,0.08333333333333333,0.08833333333333333,0.19560813237856456,0.09666666666666668,0.11333333333333333,0.28,0.9466555555555556,0.8767447045707916,0.3284564263596098,0.7461608548700585,0.013333333333333334,0.01,0.75,0.0,0.0
Syn_Multimodal_4c,0.3864337495520228,0.20157551349762123,0.1676935436912651,0.7933333333333333,0.69,0.011417017620199896,0.17333333333333334,0.12,0.10333333333333333,0.2322488643504369,0.08333333333333337,0.07333333333333333,0.4766666666666667,0.9709333333333333,0.9903010033444816,0.5096427461427462,0.954048258113131,0.02,0.02,1.0,3.206012728240726e-05,8.888493844727563e-05
Syn_Noise_30pct,0.8097077911923379,0.5912594599612905,0.2495724574042394,0.9533333333333334,0.81,0.03141097118924956,0.36,0.31333333333333335,0.135,0.36960261580408504,0.27,0.19666666666666666,0.6066666666666667,0.9849666666666667,0.8890078037904124,0.32613423345902925,0.8060500556062351,0.02,0.013333333333333334,0.6666666666666666,0.0005130190491101638,0.0014212115828742267
Syn_XOR_2D_low,0.9999675067262954,0.9999334549366401,0.931527512771524,0.9833333333333333,0.97,0.16688997054358895,0.5,0.5,0.005,0.014602818294189648,0.0,0.03,0.013333333333333334,0.75,0.7527536231884058,0.0009416265580648453,0.7499999999999334,0.006666666666666667,0.006666666666666667,1.0,0.0,0.0
Syn_XOR_2D_med,0.9997285613416848,0.9994458885152423,0.8547237742757968,0.9833333333333333,0.97,0.1266617953744914,0.5,0.4633333333333333,0.005,0.05717517191360946,0.00666666666666671,0.09666666666666666,0.02,0.768,0.8039687848383501,0.11849780459820747,0.7753078217441911,0.006666666666666667,0.006666666666666667,1.0,0.0,0.0
Syn_XOR_2D_high,0.999127741291331,0.9982319599442024,0.7982182697782526,0.9833333333333333,0.97,0.0964100075165051,0.49,0.44666666666666666,0.07,0.1581135319257712,0.14,0.17333333333333334,0.2,0.9224333333333333,0.8644816053511706,0.24932204517071266,0.8108761858760678,0.006666666666666667,0.006666666666666667,1.0,0.0,0.0
Syn_XOR_4D,0.9958964219363461,0.9915148813239827,0.5498286002225746,0.98,0.9466666666666667,0.05492762096285051,0.48,0.47333333333333333,0.005,0.18787494339522676,0.0033333333333332993,0.056666666666666664,0.09333333333333334,0.8263444444444444,0.9247045707915273,0.3720827190800875,0.8792402324929925,0.013333333333333334,0.013333333333333334,1.0,0.0,0.0
Syn_XOR_6D,0.9545491053944541,0.8763371902050012,0.4553751421144185,0.9833333333333333,0.9266666666666666,0.05440648726044437,0.41,0.37333333333333335,0.005,0.28588240307258517,0.010000000000000009,0.05,0.18666666666666668,0.8814777777777778,0.961025641025641,0.5056340018589551,0.908076258003432,0.02,0.02,1.0,0.0,0.0
Syn_Checker_2x2,0.9884614634940556,0.9587335760633887,0.8615211058448147,0.9833333333333333,0.97,0.08444631867552937,0.39666666666666667,0.3566666666666667,0.051666666666666666,0.13113853030589723,0.07999999999999996,0.16,0.14666666666666667,0.9173,0.8958082497212931,0.2902723867843925,0.8360558796775147,0.006666666666666667,0.006666666666666667,1.0,0.0001282433591510701,0.0003554923569142332
Syn_Checker_3x3,0.9807976302669867,0.940822883834177,0.8980786485753862,0.9833333333333333,0.9766666666666667,0.0935675170730691,0.4066666666666667,0.43333333333333335,0.09,0.2117827092536783,0.15333333333333332,0.31,0.27666666666666667,0.9673555555555555,0.917190635451505,0.24799286791610298,0.8898385437039867,0.006666666666666667,0.006666666666666667,1.0,0.004621561179774303,0.012718600953895098
Syn_Checker_4x4,0.920967889693981,0.8101004968822848,0.9048955384940219,0.9766666666666667,0.9433333333333334,0.08338269116722975,0.41,0.43666666666666665,0.095,0.14021895104009532,0.07333333333333336,0.32666666666666666,0.23333333333333334,0.9712,0.9288294314381271,0.17470920765252718,0.8830884024344783,0.006666666666666667,0.006666666666666667,1.0,0.000288558247189985,0.000799680127948954
Syn_Checker_noisy,0.978375474253404,0.9392534057040876,0.8281452817730091,0.9766666666666667,0.97,0.08703599048525817,0.4266666666666667,0.4766666666666667,0.15333333333333332,0.28031447024466083,0.29666666666666663,0.3466666666666667,0.45,0.9805777777777778,0.9262430323299888,0.2934346215633127,0.8932624958401773,0.006666666666666667,0.006666666666666667,1.0,0.004621561179774303,0.012718600953895098
Syn_Spiral_tight,0.7092808083851085,0.5377962407411149,0.581197246878649,0.7233333333333334,0.65,0.0604786775609005,0.33,0.3333333333333333,0.008333333333333333,0.1223722478221857,0.0033333333333332993,0.3566666666666667,0.18,0.9570111111111111,0.9422742474916388,0.2229692541388114,0.9010441457880637,0.006666666666666667,0.006666666666666667,1.0,0.0,0.0
Syn_Spiral_med,0.7075900279948727,0.5357516683466581,0.5968913684915179,0.74,0.6733333333333333,0.05853522848581896,0.32666666666666666,0.31333333333333335,0.015,0.15754924062062672,0.0033333333333332993,0.34,0.17666666666666667,0.9627444444444444,0.9414492753623188,0.23085826147653676,0.9005643113937088,0.006666666666666667,0.006666666666666667,1.0,0.0,0.0
Syn_Spiral_loose,0.7058858510038452,0.5336945550250718,0.6173369515654853,0.7566666666666667,0.7033333333333334,0.055854366906861845,0.32666666666666666,0.2966666666666667,0.045,0.2039928319426538,0.06666666666666665,0.3233333333333333,0.21666666666666667,0.9726111111111111,0.9395317725752508,0.2568295839420519,0.8963897163299981,0.006666666666666667,0.006666666666666667,1.0,0.0,0.0
Syn_Spiral_large,0.8276516044511409,0.7052941891605102,0.5893689511773839,0.7733333333333333,0.6733333333333333,0.07753175245462773,0.38333333333333336,0.33,0.02,0.10448739104555255,0.010000000000000009,0.35,0.18333333333333332,0.9610444444444445,0.9383500557413601,0.19444868984658858,0.9004659858170021,0.006666666666666667,0.006666666666666667,1.0,0.0,0.0
Syn_Nonlin_4D,0.394910973285326,0.13307416485217655,0.3717114171548771,0.5833333333333334,0.55,0.007271745006855458,0.11666666666666667,0.06,0.04833333333333333,0.2892667378774293,0.07999999999999996,0.06333333333333334,0.30666666666666664,0.9226777777777778,0.9534448160535117,0.5156046070149722,0.8673827858869394,0.013333333333333334,0.013333333333333334,1.0,0.0001282433591510701,0.0003554923569142332
Syn_Nonlin_6D,0.394910973285326,0.13068085648058503,0.24197008501069553,0.5833333333333334,0.51,0.006682427320616906,0.10666666666666667,0.05,0.07333333333333333,0.3618839224300327,0.13666666666666671,0.07666666666666666,0.45666666666666667,0.9475555555555556,0.9783054626532888,0.6490057153293255,0.918640360239153,0.02,0.02,1.0,0.0001282433591510701,0.0003554923569142332
Syn_Nonlin_8D,0.394910973285326,0.12812588292070762,0.2275141211480447,0.5833333333333334,0.49666666666666665,0.006789052002879894,0.11,0.06,0.065,0.39263208732242016,0.1433333333333333,0.043333333333333335,0.5866666666666667,0.9538,0.9854849498327759,0.7514346785252358,0.9261548321393723,0.02666666666666667,0.02666666666666667,1.0,0.0001282433591510701,0.0003554923569142332
Syn_MoonsRot_3D,0.2626423662617962,0.12357235078586998,0.13445609798622163,0.43666666666666665,0.05,0.011778570982056777,0.12666666666666668,0.056666666666666664,0.011666666666666667,0.15176108767403837,0.023333333333333317,0.07666666666666666,0.06666666666666667,0.8808222222222222,0.8349609810479376,0.23227296354021787,0.7319833621527743,0.01,0.006666666666666667,0.6666666666666666,0.0,0.0
Syn_MoonsRot_5D,0.3610004491425487,0.1270249242928959,0.02854387668350354,0.4533333333333333,0.0033333333333333335,0.012724665276095594,0.13666666666666666,0.05333333333333334,0.015,0.1983876579851302,0.030000000000000027,0.06333333333333334,0.08666666666666667,0.8955,0.826778149386845,0.21367469087721025,0.7521108172155747,0.016666666666666666,0.006666666666666667,0.4,0.0,0.0
Syn_MoonsRot_7D,0.24570044828934404,0.12600750564238317,0.008591775765272303,0.45,0.0,0.01546971615867531,0.13,0.07333333333333333,0.01,0.22950226424123008,0.026666666666666616,0.07333333333333333,0.12666666666666668,0.8965777777777778,0.8656633221850614,0.24801931066551086,0.749088416061094,0.023333333333333334,0.006666666666666667,0.2857142857142857,0.0,0.0
Syn_MoonsRot_noisy,0.38419658844557436,0.16683389268667984,0.04257157794367498,0.6066666666666667,0.4033333333333333,0.01462835303967489,0.15333333333333332,0.1,0.07166666666666667,0.2616617867772294,0.15000000000000002,0.11333333333333333,0.29,0.9550777777777778,0.8144704570791528,0.23434081564043618,0.7299658467616337,0.016666666666666666,0.006666666666666667,0.4,0.0,0.0
